Practitioner NPI,Name,Organization NPI,Code,Specialty
617133335595,Dr. Nichelle912 Cummerata161,593988946905,provider,GENERAL PRACTICE
570603429004,Dr. Elias404 Kohler843,859769310451,provider,GENERAL PRACTICE
862226317444,Dr. Dominic463 Miller503,879280369383,provider,GENERAL PRACTICE
189444415062,Dr. Jesse626 Boehm581,780175599638,provider,GENERAL PRACTICE
321478897441,Dr. Sulema841 Ryan260,451888273059,provider,GENERAL PRACTICE
180570743889,Dr. Althea11 Ankunding277,609394421542,provider,GENERAL PRACTICE
257440356812,Dr. James276 Schmitt836,695402214585,provider,GENERAL PRACTICE
878810320271,Dr. Liberty95 Kihn564,237691555322,provider,GENERAL PRACTICE
962904353583,Dr. Denna536 Christiansen251,845787617219,provider,GENERAL PRACTICE
784122693556,Dr. Jayne73 Kohler843,659448781049,provider,GENERAL PRACTICE
779980153216,Dr. Cora299 Pagac496,549590898746,provider,GENERAL PRACTICE
470432824586,Dr. Georgie506 Gerhold939,644839123423,provider,GENERAL PRACTICE
335358355439,Dr. Caridad510 Aguirre875,712705830986,provider,GENERAL PRACTICE
667971979228,Dr. Blair400 Kreiger457,320834212803,provider,GENERAL PRACTICE
391930528036,Dr. Teresa94 Tapia475,746370622358,provider,GENERAL PRACTICE
756723958706,Dr. Rhonda22 Bins636,123453579915,provider,GENERAL PRACTICE
250903606391,Dr. Quentin28 Lang846,609915331372,provider,GENERAL PRACTICE
564178762090,Dr. Shirley182 Vandervort697,485375387315,provider,GENERAL PRACTICE
280435398502,Dr. Elvin140 Hoppe518,216242758865,provider,GENERAL PRACTICE
460260366310,Dr. Graham902 O'Hara248,257896631449,provider,GENERAL PRACTICE
130505773859,Dr. Lesa839 Hirthe744,597793863433,provider,GENERAL PRACTICE
927354683306,Dr. Joye57 Hirthe744,623773990400,provider,GENERAL PRACTICE
363285810203,Dr. Kari181 Trantow673,818939874811,provider,GENERAL PRACTICE
693271854143,Dr. Berta524 Borrego496,540522208363,provider,GENERAL PRACTICE
632131599239,Dr. Soila394 Reichert620,423656410727,provider,GENERAL PRACTICE
753491447601,Dr. Lady554 Kovacek682,922659179520,provider,GENERAL PRACTICE
487501643447,Dr. Jennefer743 Hudson301,229503577735,provider,GENERAL PRACTICE
115816381431,Dr. Verda448 Wilkinson796,884710702273,provider,GENERAL PRACTICE
222415646068,Dr. Josue598 Boyer713,785066109380,provider,GENERAL PRACTICE
344921486511,Dr. Randolph418 Flatley871,510967251347,provider,GENERAL PRACTICE
473936232589,Dr. Gaston250 Grimes165,900674632338,provider,GENERAL PRACTICE
697409632487,Dr. Neva514 Gerlach374,954761505024,provider,GENERAL PRACTICE
235467227679,Dr. Stacee229 Barrows492,349896190828,provider,GENERAL PRACTICE
573682137207,Dr. Magdalena964 Torphy630,314059386240,provider,GENERAL PRACTICE
630085465602,Dr. Rashida558 Nolan344,893232371375,provider,GENERAL PRACTICE
359169641689,Dr. Lincoln623 Wintheiser220,812673209285,provider,GENERAL PRACTICE
710990420970,Dr. Millicent213 Mertz280,842214365713,provider,GENERAL PRACTICE
944693557487,Dr. Brad867 Herman763,288542241024,provider,GENERAL PRACTICE
795663353411,Dr. Keshia89 Balistreri607,819845238927,provider,GENERAL PRACTICE
135110230952,Dr. Elizbeth263 Dickinson688,551762330365,provider,GENERAL PRACTICE
813890671005,Dr. Felix524 Rogahn59,844306745510,provider,GENERAL PRACTICE
357662211886,Dr. Olive251 Weber641,348361390084,provider,GENERAL PRACTICE
501356567630,Dr. Eduardo902 Thompson596,298900584221,provider,GENERAL PRACTICE
994032498861,Dr. Merlin721 Lemke654,527994285283,provider,GENERAL PRACTICE
302699754257,Dr. Jacques50 Quigley282,838133954710,provider,GENERAL PRACTICE
277655329306,Dr. Karry11 Tillman293,452952984043,provider,GENERAL PRACTICE
327554176702,Dr. Kirk871 Erdman779,139527181157,provider,GENERAL PRACTICE
867815941113,Dr. Franklin857 Kohler843,183362908716,provider,GENERAL PRACTICE
448474453330,Dr. Cira533 Jakubowski832,241598747993,provider,GENERAL PRACTICE
651566704602,Dr. Tiesha180 Maggio310,746506891162,provider,GENERAL PRACTICE
938970548884,Dr. Refugio197 Crooks415,928805704328,provider,GENERAL PRACTICE
290785912559,Dr. Freeda113 Crooks415,351571543062,provider,GENERAL PRACTICE
529097112594,Dr. Randa356 Ebert178,945717648431,provider,GENERAL PRACTICE
422519498210,Dr. Lorenzo669 Muro989,382135208471,provider,GENERAL PRACTICE
446153139146,Dr. Monte325 Nolan344,509228372527,provider,GENERAL PRACTICE
685579160473,Dr. Dana512 Schuster709,406603572320,provider,GENERAL PRACTICE
358114750392,Dr. Dion244 Ledner144,449486238910,provider,GENERAL PRACTICE
112247671731,Dr. Joesph309 Cormier289,991677904818,provider,GENERAL PRACTICE
281181123154,Dr. Asha251 Stanton715,138974242302,provider,GENERAL PRACTICE
378416913586,Dr. Royce974 Kohler843,127938474950,provider,GENERAL PRACTICE
574544843030,Dr. Paz9 Gerlach374,393259191581,provider,GENERAL PRACTICE
672535430527,Dr. Ezekiel373 Rempel203,469748200951,provider,GENERAL PRACTICE
980048582062,Dr. Azzie965 Ziemann98,541487326284,provider,GENERAL PRACTICE
281054391183,Dr. Kylee806 Romaguera67,946016409323,provider,GENERAL PRACTICE
567032801248,Dr. Salvador46 Treviño536,969597620094,provider,GENERAL PRACTICE
720096756485,Dr. Jan231 Hilll811,701451392789,provider,GENERAL PRACTICE
949784549981,Dr. Delbert384 Rohan584,498728895335,provider,GENERAL PRACTICE
115256409484,Dr. Teodoro374 Koss676,959260217550,provider,GENERAL PRACTICE
911365774705,Dr. Leia529 Hodkiewicz467,491762485572,provider,GENERAL PRACTICE
699514460929,Dr. Normand813 Lockman863,433693698535,provider,GENERAL PRACTICE
541832166706,Dr. Thaddeus38 Stiedemann542,878003651922,provider,GENERAL PRACTICE
832286626690,Dr. Malcolm243 Kuvalis369,592707334824,provider,GENERAL PRACTICE
492435946490,Dr. Angle307 Brakus656,691059965654,provider,GENERAL PRACTICE
442290233325,Dr. Ernesto186 Velasco179,299489426425,provider,GENERAL PRACTICE
203561476422,Dr. Neoma676 Hamill307,127760462886,provider,GENERAL PRACTICE
247079717975,Dr. Frank378 Mohr916,375119974153,provider,GENERAL PRACTICE
304147130747,Dr. Ted955 Reilly981,932150341553,provider,GENERAL PRACTICE
209049335113,Dr. Beulah33 Hammes673,162509341994,provider,GENERAL PRACTICE
230628478144,Dr. Xavier983 Jakubowski832,106702383350,provider,GENERAL PRACTICE
990002862141,Dr. Emanuel231 Wyman904,228255742865,provider,GENERAL PRACTICE
883343511817,Dr. Harland508 Williamson769,151397333261,provider,GENERAL PRACTICE
927416575020,Dr. Idella49 Runte676,193441959590,provider,GENERAL PRACTICE
692335360342,Dr. Amalia471 Santacruz647,931292134154,provider,GENERAL PRACTICE
264004991899,Dr. Clemente531 Polanco94,301449496216,provider,GENERAL PRACTICE
329268465193,Dr. Lynn917 Cassin499,406622231740,provider,GENERAL PRACTICE
239003588552,Dr. Patty600 Bashirian201,719785468959,provider,GENERAL PRACTICE
175057601673,Dr. Cyrus914 Moore224,828716869755,provider,GENERAL PRACTICE
889290903662,Dr. Horace32 Bradtke547,677823349202,provider,GENERAL PRACTICE
315670147939,Dr. Ryan260 Adams676,619728243517,provider,GENERAL PRACTICE
332550809151,Dr. Norah104 Jenkins714,597616340189,provider,GENERAL PRACTICE
930361944620,Dr. Eva64 Limón43,799555773538,provider,GENERAL PRACTICE
212357516947,Dr. Sondra191 Zieme486,783462117514,provider,GENERAL PRACTICE
711084692431,Dr. Warren653 Terry864,460808742189,provider,GENERAL PRACTICE
235905155346,Dr. Mignon230 Ullrich385,359318413515,provider,GENERAL PRACTICE
277864130513,Dr. Caroll955 Walker122,304469228221,provider,GENERAL PRACTICE
780507207304,Dr. Nancie476 Homenick806,415001409505,provider,GENERAL PRACTICE
837378951731,Dr. Saul605 Ratke343,218186849296,provider,GENERAL PRACTICE
826394587840,Dr. Latoria810 Eichmann909,716013965081,provider,GENERAL PRACTICE
127214171970,Dr. Troy560 Gutkowski940,683997572670,provider,GENERAL PRACTICE
878186836798,Dr. Shellie908 Miller503,887694308856,provider,GENERAL PRACTICE
509243175068,Dr. Chrissy459 Tremblay80,754155489042,provider,GENERAL PRACTICE
709708995427,Dr. January966 Roberts511,500095883998,provider,GENERAL PRACTICE
477750632459,Dr. Trey250 Barton704,670980284769,provider,GENERAL PRACTICE
257833861543,Dr. Simona661 Boyer713,151882370385,provider,GENERAL PRACTICE
801037668517,Dr. Francisco472 Espinal146,719427207262,provider,GENERAL PRACTICE
967725726230,Dr. Freddie621 Balistreri607,144356629640,provider,GENERAL PRACTICE
809634314290,Dr. Clotilde434 Howe413,341957946535,provider,GENERAL PRACTICE
437174528479,Dr. Esperanza675 Flórez858,536779736583,provider,GENERAL PRACTICE
279812201991,Dr. Rodrigo242 Patiño436,744922552376,provider,GENERAL PRACTICE
634838998261,Dr. Garth972 Mueller846,633810498604,provider,GENERAL PRACTICE
403652520972,Dr. Lester513 Bartoletti50,412175465254,provider,GENERAL PRACTICE
305386250236,Dr. Wendell199 Jacobson885,447094560044,provider,GENERAL PRACTICE
971379841198,Dr. Guillermo498 Fay398,452791667415,provider,GENERAL PRACTICE
308200309718,Dr. Rafael239 Urías338,755926783829,provider,GENERAL PRACTICE
458188651185,Dr. Andy346 Waelchi213,428514431542,provider,GENERAL PRACTICE
579968987651,Dr. Blanca837 Montañez267,789556887279,provider,GENERAL PRACTICE
424620462488,Dr. Jacquline932 Boyle917,952422477812,provider,GENERAL PRACTICE
561885782219,Dr. Charleen536 Quitzon246,704199263334,provider,GENERAL PRACTICE
188817280967,Dr. Arianne988 Howe413,549699140370,provider,GENERAL PRACTICE
862435577470,Dr. Leonarda398 Schumm995,157440983275,provider,GENERAL PRACTICE
353508642046,Dr. Donnell534 D'Amore443,608148100302,provider,GENERAL PRACTICE
541712118614,Dr. Romeo514 Herman763,822609645170,provider,GENERAL PRACTICE
284328587551,Dr. Regina408 Schultz619,661988222436,provider,GENERAL PRACTICE
174363757299,Dr. Nikki942 Orn563,976501115152,provider,GENERAL PRACTICE
794379482817,Dr. Chad48 Weissnat378,831780915168,provider,GENERAL PRACTICE
763673779527,Dr. Julio César525 Saldivar860,188898702599,provider,GENERAL PRACTICE
706699577165,Dr. Chance908 Reichert620,803945512438,provider,GENERAL PRACTICE
391617609572,Dr. Aurore252 Farrell962,797601978483,provider,GENERAL PRACTICE
504350336674,Dr. Sharilyn202 Wolff180,986741481827,provider,GENERAL PRACTICE
991783119800,Dr. Lino542 Feest103,607434420579,provider,GENERAL PRACTICE
505887130905,Dr. Rosetta750 Dach178,640344610866,provider,GENERAL PRACTICE
579907264113,Dr. Synthia172 Keebler762,367522536039,provider,GENERAL PRACTICE
567060699676,Dr. Ross213 Wisozk929,935119137536,provider,GENERAL PRACTICE
322206501641,Dr. Thalia561 Borer986,813751652756,provider,GENERAL PRACTICE
682920851952,Dr. Anika194 Miller503,415250742073,provider,GENERAL PRACTICE
147392305630,Dr. Regan713 Mills423,820856424502,provider,GENERAL PRACTICE
647242541702,Dr. Martha161 Shields502,440221119330,provider,GENERAL PRACTICE
767643973268,Dr. Sau887 Thompson596,940090231822,provider,GENERAL PRACTICE
647798100871,Dr. Alfreda3 Walsh511,865987483396,provider,GENERAL PRACTICE
973313944553,Dr. Leanora120 Pacocha935,865987483396,provider,GENERAL PRACTICE
745321992066,Dr. Jean712 Block661,419261454989,provider,GENERAL PRACTICE
885907179787,Dr. Carl856 Bode78,842685350752,provider,GENERAL PRACTICE
797176128232,Dr. Cletus494 Paucek755,775607104974,provider,GENERAL PRACTICE
360945146043,Dr. Lorette239 Hauck852,908998167016,provider,GENERAL PRACTICE
404620375770,Dr. Natalia964 Valle770,800649896994,provider,GENERAL PRACTICE
901982665729,Dr. Tristan353 Mayert710,634034444552,provider,GENERAL PRACTICE
484171808480,Dr. Danilo179 Kunde533,412434785919,provider,GENERAL PRACTICE
882135914477,Dr. Arturo47 Urrutia540,560308291050,provider,GENERAL PRACTICE
361361409789,Dr. Arnold338 Ledner144,612997831360,provider,GENERAL PRACTICE
519185921465,Dr. Cherlyn665 Cremin516,179005984820,provider,GENERAL PRACTICE
582240446902,Dr. Mónica985 Montemayor547,518928782630,provider,GENERAL PRACTICE
236998959171,Dr. Alan320 Swaniawski813,741673412882,provider,GENERAL PRACTICE
277822682322,Dr. Hunter736 Howe413,961132679311,provider,GENERAL PRACTICE
382431139517,Dr. Beaulah36 Zboncak558,405634589718,provider,GENERAL PRACTICE
898909421130,Dr. Delorse592 Franecki195,515851701916,provider,GENERAL PRACTICE
405186883025,Dr. Son314 Nader710,856692957295,provider,GENERAL PRACTICE
181074103170,Dr. Denice974 Barrows492,807204397663,provider,GENERAL PRACTICE
146512132169,Dr. Dawne25 Williamson769,456693219438,provider,GENERAL PRACTICE
293601492098,Dr. Kristopher775 Roob72,676396810447,provider,GENERAL PRACTICE
930014517146,Dr. Blair400 Muller251,898079840383,provider,GENERAL PRACTICE
775620581182,Dr. Shameka870 Reichert620,436886829358,provider,GENERAL PRACTICE
613081394971,Dr. Shaun461 Mosciski958,503958991774,provider,GENERAL PRACTICE
990443478346,Dr. Rosa195 Laureano185,451985940842,provider,GENERAL PRACTICE
143797784822,Dr. Jaime666 Laureano185,672832450345,provider,GENERAL PRACTICE
319085431119,Dr. Edison640 Rowe323,784500913680,provider,GENERAL PRACTICE
870822712497,Dr. Jake169 Beahan375,384862257297,provider,GENERAL PRACTICE
766641183745,Dr. August363 Connelly992,234390514977,provider,GENERAL PRACTICE
230137777494,Dr. Sharron285 Batz141,360263747864,provider,GENERAL PRACTICE
403040746624,Dr. Tandy422 Sporer811,868677451219,provider,GENERAL PRACTICE
139211253225,Dr. Shemeka786 Conn188,326346213211,provider,GENERAL PRACTICE
942351121340,Dr. Sharmaine326 Reinger292,391200155952,provider,GENERAL PRACTICE
705629507694,Dr. Gustavo235 Marks830,207497455116,provider,GENERAL PRACTICE
220857309524,Dr. Filiberto722 Bahringer146,801356639235,provider,GENERAL PRACTICE
583767790590,Dr. Edmundo94 Eichmann909,442545831267,provider,GENERAL PRACTICE
958169838952,Dr. Lili474 Schuppe920,417559486517,provider,GENERAL PRACTICE
344213940093,Dr. Gustavo235 Posada6,142089228997,provider,GENERAL PRACTICE
808683482885,Dr. Dean966 Lubowitz58,266448930940,provider,GENERAL PRACTICE
145077248130,Dr. Marth98 Christiansen251,881306218135,provider,GENERAL PRACTICE
995473167988,Dr. Thanh759 Cartwright189,381547464390,provider,GENERAL PRACTICE
163972184565,Dr. Alleen813 Rosenbaum794,909348855214,provider,GENERAL PRACTICE
409012459649,Dr. Carolina179 Contreras711,989107534398,provider,GENERAL PRACTICE
438875941019,Dr. Irene779 Medina536,253080236407,provider,GENERAL PRACTICE
754411835911,Dr. Joslyn677 Deckow585,952221219578,provider,GENERAL PRACTICE
433729508124,Dr. Jaime666 McCullough561,286147541917,provider,GENERAL PRACTICE
672168664693,Dr. Annita733 Frami345,873907793364,provider,GENERAL PRACTICE
326208343006,Dr. Clarence5 Hyatt152,839467337271,provider,GENERAL PRACTICE
555606128303,Dr. Jarrod316 Weber641,740555798783,provider,GENERAL PRACTICE
550298850931,Dr. Mónica985 Cardenas331,130061139329,provider,GENERAL PRACTICE
988068650393,Dr. Taylor21 Haley279,833791477472,provider,GENERAL PRACTICE
796206263423,Dr. Joel444 Walsh511,448429391186,provider,GENERAL PRACTICE
401726211658,Dr. Salvador46 Dooley940,103161510434,provider,GENERAL PRACTICE
160147738839,Dr. Blythe746 Heller342,452375737067,provider,GENERAL PRACTICE
389235336934,Dr. Miguel815 Ortiz186,649020979370,provider,GENERAL PRACTICE
796133255996,Dr. Ruben688 Lesch175,804969832844,provider,GENERAL PRACTICE
621638435417,Dr. Mohamed943 Leannon79,462328467608,provider,GENERAL PRACTICE
704784114384,Dr. Aleen595 Lueilwitz711,141218497071,provider,GENERAL PRACTICE
753268230586,Dr. Sharyl439 Williamson769,354668293732,provider,GENERAL PRACTICE
880749425208,Dr. Tony646 Marks830,981035877598,provider,GENERAL PRACTICE
429389761775,Dr. Regena252 Huel628,830077212790,provider,GENERAL PRACTICE
617317778367,Dr. Eileen854 Greenfelder433,307924873251,provider,GENERAL PRACTICE
688185589071,Dr. Carlota980 Arredondo74,730160240963,provider,GENERAL PRACTICE
524594869233,Dr. Lilliam592 Rath779,266501641265,provider,GENERAL PRACTICE
394111762727,Dr. Lynell252 Toy286,676521710215,provider,GENERAL PRACTICE
903502203185,Dr. Olympia319 Bradtke547,351995382896,provider,GENERAL PRACTICE
503782920051,Dr. Estella474 Doyle959,207545158937,provider,GENERAL PRACTICE
126970776107,Dr. Cami698 Wintheiser220,510879319164,provider,GENERAL PRACTICE
259039274566,Dr. Sancho742 Vásquez905,301814342239,provider,GENERAL PRACTICE
533376418079,Dr. Cherrie404 Conn188,415037623670,provider,GENERAL PRACTICE
860545641822,Dr. Felicidad691 Luettgen772,203655124735,provider,GENERAL PRACTICE
225008114619,Dr. Marvis190 Schroeder447,715336242970,provider,GENERAL PRACTICE
886554106795,Dr. Clara183 Terrazas956,879658432574,provider,GENERAL PRACTICE
361368681116,Dr. Tonisha838 Wilderman619,164932748051,provider,GENERAL PRACTICE
492656747864,Dr. Jackelyn13 Pacocha935,813233237815,provider,GENERAL PRACTICE
288233910461,Dr. Eloisa55 Lucero848,250187862609,provider,GENERAL PRACTICE
468765149739,Dr. Tabatha105 Roob72,107143580200,provider,GENERAL PRACTICE
180680507986,Dr. Lindsay928 Leffler128,676013385215,provider,GENERAL PRACTICE
865678794926,Dr. Marlin805 Hane680,854405255779,provider,GENERAL PRACTICE
104808165209,Dr. Iva908 O'Keefe54,389146266832,provider,GENERAL PRACTICE
306962721399,Dr. Kory651 Bauch723,416303302028,provider,GENERAL PRACTICE
148386880651,Dr. Sonia106 Esquibel766,853267789742,provider,GENERAL PRACTICE
247136304312,Dr. Harold594 Murray856,911100114309,provider,GENERAL PRACTICE
980933676944,Dr. Hortensia953 Hills818,389652196723,provider,GENERAL PRACTICE
629012286314,Dr. Mathew182 Cummings51,172804899924,provider,GENERAL PRACTICE
373491372968,Dr. Darren774 Cronin387,375410602578,provider,GENERAL PRACTICE
342091904752,Dr. Daron260 Towne435,951198604128,provider,GENERAL PRACTICE
584650878452,Dr. Maybell872 Quitzon246,646845523290,provider,GENERAL PRACTICE
494668114453,Dr. Evangeline16 Bradtke547,997057917165,provider,GENERAL PRACTICE
616414290005,Dr. Blanca837 Magaña874,239856200000,provider,GENERAL PRACTICE
526793642679,Dr. Lashawna733 Kutch271,682162372844,provider,GENERAL PRACTICE
847113611647,Dr. Delcie812 Casper496,161541548898,provider,GENERAL PRACTICE
965028778432,Dr. Ramiro608 Arellano2,160848635557,provider,GENERAL PRACTICE
807859286231,Dr. Mary779 Wolf938,668878729722,provider,GENERAL PRACTICE
424666227159,Dr. Cira533 Terry864,844101386249,provider,GENERAL PRACTICE
329150342609,Dr. Ji399 Pollich983,143076427159,provider,GENERAL PRACTICE
344932711307,Dr. Lourdes258 Elizondo706,831934575904,provider,GENERAL PRACTICE
987592405869,Dr. Kristofer887 Heathcote539,151956712966,provider,GENERAL PRACTICE
223711259710,Dr. Dee580 Quigley282,941961318258,provider,GENERAL PRACTICE
944010703705,Dr. Marlin805 Breitenberg711,591554673528,provider,GENERAL PRACTICE
357956852110,Dr. Lilia791 Lemus978,596376366267,provider,GENERAL PRACTICE
426404478483,Dr. Erich201 Wunsch504,633643672302,provider,GENERAL PRACTICE
494396788943,Dr. Twila243 Kessler503,844490645321,provider,GENERAL PRACTICE
342169360889,Dr. Orville751 Will178,509399126122,provider,GENERAL PRACTICE
659548677577,Dr. Genevie117 Mertz280,587393445006,provider,GENERAL PRACTICE
575047730309,Dr. Whitney250 Crona259,146224729665,provider,GENERAL PRACTICE
502282159709,Dr. Bobbie849 Glover433,696391301891,provider,GENERAL PRACTICE
992484684482,Dr. Carlena776 Steuber698,724946731764,provider,GENERAL PRACTICE
121877801328,Dr. Simonne139 Wilderman619,524845510165,provider,GENERAL PRACTICE
498346802146,Dr. Selma398 Beier427,690148667808,provider,GENERAL PRACTICE
478035773349,Dr. Ramiro608 Herrera193,907781689568,provider,GENERAL PRACTICE
381180142475,Dr. Leigh689 Predovic534,547811333810,provider,GENERAL PRACTICE
312160785989,Dr. Linwood526 Wehner319,382785473670,provider,GENERAL PRACTICE
104636684970,Dr. Madaline59 Corkery305,526379706137,provider,GENERAL PRACTICE
356716163554,Dr. Bennett146 Hartmann983,555116640221,provider,GENERAL PRACTICE
914701247763,Dr. Sanora914 Wilderman619,164628124788,provider,GENERAL PRACTICE
380881216003,Dr. Granville802 Russel238,829365208724,provider,GENERAL PRACTICE
553622813264,Dr. Madelaine318 Walker122,835397795587,provider,GENERAL PRACTICE
231045240096,Dr. Virgie92 Balistreri607,130588771288,provider,GENERAL PRACTICE
120294926186,Dr. Alaina222 Bogisich202,903285642760,provider,GENERAL PRACTICE
779342850287,Dr. Ty725 Mohr916,666552317428,provider,GENERAL PRACTICE
529743622730,Dr. Harley673 McKenzie376,344158722440,provider,GENERAL PRACTICE
638640237175,Dr. Mohammad578 Rodriguez71,569797550723,provider,GENERAL PRACTICE
799085737863,Dr. Man114 Balistreri607,234484522342,provider,GENERAL PRACTICE
242147503515,Dr. Fabiola106 Schneider199,533907800067,provider,GENERAL PRACTICE
315179894256,Dr. Meridith488 Bernhard322,613074341434,provider,GENERAL PRACTICE
721596182674,Dr. Katelin466 Schumm995,783950206611,provider,GENERAL PRACTICE
875572852191,Dr. Emory494 Nicolas769,250579602573,provider,GENERAL PRACTICE
946367638654,Dr. Anthony633 Medhurst46,302684169452,provider,GENERAL PRACTICE
167986280047,Dr. Houston994 Funk324,157275694077,provider,GENERAL PRACTICE
762151843017,Dr. Analisa263 Lind531,640948462094,provider,GENERAL PRACTICE
945587418129,Dr. Codi873 Bogisich202,306509427154,provider,GENERAL PRACTICE
392333532765,Dr. Bari62 Kohler843,369338863440,provider,GENERAL PRACTICE
202560566772,Dr. Jon665 Langosh790,883745468257,provider,GENERAL PRACTICE
968698700486,Dr. Claudette391 Eichmann909,534411555661,provider,GENERAL PRACTICE
448534960617,Dr. Jude172 Reynolds644,921123546900,provider,GENERAL PRACTICE
